task_id,model_id,source,capability_id,target,source_family,target_family,cosine,ci_low,ci_high,mcse,eval_n,gradient_n,batch_i2i,batch_i2t,delta_seed42_pp,model_accuracy_seed42_pct,delta_seed43_pp,model_accuracy_seed43_pct,delta_seed44_pp,model_accuracy_seed44_pct,delta_pp,model_accuracy_pct,baseline_accuracy_pct,model_accuracy_sample_sd_pp,n_seeds
category_v14,category,Object editing,i2t:CATEGORY_INSTANCE,Category recognition,REC,REC,0.20861750701290266,0.1670951887779812,0.2582648891276145,0.0007124931793027243,962,500,64,64,0.31185031185031187,73.5966735966736,0.5197505197505198,76.61122661122661,-0.6237006237006237,75.25987525987526,0.06930006930006931,75.15592515592515,75.08662508662509,1.5099624788288937,3
appearance_v14,appearance,Attribute editing,i2t:CATEGORY_INSTANCE,Category recognition,REC,REC,0.20202773173978458,0.15829486201614276,0.2485269600111417,0.0006933396042534041,962,500,64,64,2.8066528066528065,76.0914760914761,0.4158004158004158,76.5072765072765,0.31185031185031187,76.1954261954262,1.178101178101178,76.26472626472626,75.08662508662509,0.21638939703389634,3
colorization_taskonomy_v14,colorization,Colorization (Taskonomy),i2t:CATEGORY_INSTANCE,Category recognition,RCN,REC,0.05059548065820355,0.008173418120124206,0.08995388441505911,0.0005837607392110329,962,500,64,64,1.4553014553014554,74.74012474012474,-0.9355509355509356,75.15592515592516,0.2079002079002079,76.0914760914761,0.24255024255024257,75.32917532917533,75.08662508662509,0.6921339000498342,3
taskonomy_depth_zbuffer,depth_zbuffer,Z-depth,i2t:CATEGORY_INSTANCE,Category recognition,RCN,REC,0.12490890064687096,0.056980660049921604,0.18437508592336072,0.0010361927756487802,962,500,64,64,3.2224532224532223,76.5072765072765,0.0,76.0914760914761,-0.10395010395010396,75.77962577962577,1.0395010395010396,76.12612612612612,75.08662508662509,0.3650607675971137,3
taskonomy_depth_euclidean,depth_euclidean,Euclidean depth,i2t:CATEGORY_INSTANCE,Category recognition,RCN,REC,0.13662036947785636,0.06564065171271984,0.19806508783061513,0.0010392634205239162,962,500,64,64,2.494802494802495,75.77962577962577,0.2079002079002079,76.2993762993763,0.0,75.88357588357589,0.9009009009009009,75.98752598752598,75.08662508662509,0.27502612381129277,3
taskonomy_normal,normal,Surface normals,i2t:CATEGORY_INSTANCE,Category recognition,RCN,REC,0.011258961695831776,-0.056514670849184656,0.07597723411342058,0.0010597830988351806,962,500,64,64,1.5592515592515592,74.84407484407484,-0.4158004158004158,75.67567567567568,-0.7276507276507277,75.15592515592516,0.13860013860013856,75.22522522522523,75.08662508662509,0.42010934348517726,3
taskonomy_principal_curvature,principal_curvature,Principal curvature,i2t:CATEGORY_INSTANCE,Category recognition,RCN,REC,0.10513703688127315,0.028431271883267724,0.17238140294677023,0.0012430473039055528,962,500,64,64,1.3513513513513513,74.63617463617463,0.0,76.0914760914761,-1.2474012474012475,74.63617463617463,0.03465003465003461,75.12127512127512,75.08662508662509,0.8402186869703557,3
taskonomy_edge_occlusion,edge_occlusion,Occlusion edges,i2t:CATEGORY_INSTANCE,Category recognition,RCN,REC,0.07447023333234822,0.007201595861691149,0.13478356686968668,0.0009964473797299117,962,500,64,64,-0.10395010395010396,73.18087318087318,-0.5197505197505198,75.57172557172557,-1.0395010395010396,74.84407484407484,-0.5544005544005545,74.53222453222453,75.08662508662509,1.2255536509928877,3
taskonomy_keypoints3d,keypoints3d,3D keypoints,i2t:CATEGORY_INSTANCE,Category recognition,RCN,REC,0.24701029834133126,0.19955203306284205,0.2772898974170503,0.0005812741812960255,962,500,64,64,1.4553014553014554,74.74012474012474,-0.2079002079002079,75.88357588357589,-0.10395010395010396,75.77962577962577,0.3811503811503812,75.46777546777547,75.08662508662509,0.6323037973282962,3
taskonomy_reshading,reshading,Reshading,i2t:CATEGORY_INSTANCE,Category recognition,RCN,REC,0.22953288413081185,0.17020823792156267,0.264187779164419,0.0007088343276207042,962,500,64,64,1.1434511434511434,74.42827442827443,-0.6237006237006237,75.46777546777547,0.10395010395010396,75.98752598752598,0.20790020790020788,75.29452529452529,75.08662508662509,0.7939320330831274,3
inpainting_rect_v14,inpainting,Inpainting,i2t:CATEGORY_INSTANCE,Category recognition,RCN,REC,0.1416996803790266,0.10530950845282251,0.18102005903040083,0.000586847300934513,962,500,64,64,2.286902286902287,75.57172557172557,-0.2079002079002079,75.88357588357589,0.7276507276507277,76.61122661122661,0.9355509355509355,76.02217602217603,75.08662508662509,0.5334305030610097,3
coco_semantic_v14,semseg,Semantic segmentation,i2t:CATEGORY_INSTANCE,Category recognition,RORG,REC,0.24667176205039032,0.17367061143677723,0.3078523363833707,0.0011194137289380103,962,500,64,64,2.182952182952183,75.46777546777547,-0.2079002079002079,75.88357588357589,0.0,75.88357588357589,0.6583506583506583,75.74497574497575,75.08662508662509,0.24006248199153019,3
taskonomy_edge_texture,edge_texture,2D edges,i2t:CATEGORY_INSTANCE,Category recognition,RORG,REC,-0.2052868655896269,-0.2595226110786838,-0.14250602869975604,0.00089253894337519,962,500,64,64,1.6632016632016633,74.94802494802495,-0.31185031185031187,75.77962577962577,0.7276507276507277,76.61122661122661,0.693000693000693,75.77962577962577,75.08662508662509,0.8316008316008308,3
taskonomy_keypoints2d,keypoints2d,2D keypoints,i2t:CATEGORY_INSTANCE,Category recognition,RORG,REC,0.04150887807407413,-0.01910920484733014,0.09700928536195631,0.0009205897494026566,962,500,64,64,1.2474012474012475,74.53222453222453,0.10395010395010396,76.1954261954262,-1.6632016632016633,74.22037422037423,-0.103950103950104,74.98267498267498,75.08662508662509,1.061784715595601,3
taskonomy_segment_unsup2d,segment_unsup2d,2D segmentation,i2t:CATEGORY_INSTANCE,Category recognition,RORG,REC,-0.001584507939601111,-0.04887028220967513,0.04351561005204379,0.0006907795927908679,962,500,64,64,2.286902286902287,75.57172557172557,-0.8316008316008316,75.25987525987526,-0.31185031185031187,75.57172557172557,0.3811503811503811,75.46777546777547,75.08662508662509,0.18004686149364355,3
taskonomy_segment_unsup25d,segment_unsup25d,2.5D segmentation,i2t:CATEGORY_INSTANCE,Category recognition,RORG,REC,0.08414807882529496,0.016469525219327263,0.13986534364013392,0.0009742980349440466,962,500,64,64,2.7027027027027026,75.98752598752598,0.2079002079002079,76.2993762993763,0.8316008316008316,76.71517671517671,1.2474012474012472,76.33402633402633,75.08662508662509,0.3650607675971137,3
counting,counting,Object pointing,i2t:CATEGORY_INSTANCE,Category recognition,RORG,REC,0.11286553181669233,0.08057496919699637,0.14410121213283653,0.0004619272657194529,962,500,64,64,-0.2079002079002079,73.07692307692308,0.2079002079002079,76.2993762993763,-0.4158004158004158,75.46777546777547,-0.13860013860013862,74.94802494802495,75.08662508662509,1.6729186007724623,3
jigsaw,jigsaw,Jigsaw,i2t:CATEGORY_INSTANCE,Category recognition,RORG,REC,0.10665025521019215,0.07411497789275664,0.13955400914619573,0.0004749340320410085,962,500,64,64,1.8711018711018712,75.15592515592516,0.31185031185031187,76.4033264033264,0.10395010395010396,75.98752598752598,0.7623007623007623,75.84892584892584,75.08662508662509,0.635145626466503,3
localization,localization,Localization,i2t:CATEGORY_INSTANCE,Category recognition,RORG,REC,0.1309207097625159,0.08034255678136992,0.17026043934535862,0.0006978152742997013,962,500,64,64,1.5592515592515592,74.84407484407484,-0.10395010395010396,75.98752598752598,-0.4158004158004158,75.46777546777547,0.34650034650034645,75.43312543312544,75.08662508662509,0.5725125309029221,3
category_v14,category,Object editing,i2t:COLOR_MATERIAL,Appearance understanding,REC,REC,0.05341484158200341,0.00374168767397712,0.11189033653805833,0.0008036915116128066,687,500,64,64,-1.6011644832605532,64.48326055312955,-1.1644832605531295,65.21106259097526,0.29112081513828236,66.22998544395924,-0.8248423095584667,65.30810286268802,66.13294517224648,0.8773964735577388,3
appearance_v14,appearance,Attribute editing,i2t:COLOR_MATERIAL,Appearance understanding,REC,REC,0.06376798847742972,0.011111927956280057,0.11800753073468467,0.000763096414600262,687,500,64,64,0.0,66.0844250363901,-0.8733624454148472,65.50218340611353,-0.727802037845706,65.21106259097526,-0.5337214944201844,65.59922367782629,66.13294517224648,0.4446943905828063,3
colorization_taskonomy_v14,colorization,Colorization (Taskonomy),i2t:COLOR_MATERIAL,Appearance understanding,RCN,REC,-0.03751825001515284,-0.07564752451060677,0.0051522421082544415,0.0005852695153387174,687,500,64,64,-1.6011644832605532,64.48326055312955,-0.14556040756914118,66.22998544395924,1.0189228529839884,66.95778748180494,-0.242600679281902,65.89034449296457,66.13294517224648,1.2717459895275194,3
taskonomy_depth_zbuffer,depth_zbuffer,Z-depth,i2t:COLOR_MATERIAL,Appearance understanding,RCN,REC,-0.11969673711668247,-0.19191787516418252,-0.044389074879487705,0.0011700424064771263,687,500,64,64,0.5822416302765647,66.66666666666667,-0.727802037845706,65.64774381368268,-0.5822416302765647,65.3566229985444,-0.242600679281902,65.89034449296459,66.13294517224648,0.6878916486539484,3
taskonomy_depth_euclidean,depth_euclidean,Euclidean depth,i2t:COLOR_MATERIAL,Appearance understanding,RCN,REC,-0.12009352811603785,-0.18334619446701186,-0.04665058290176187,0.0010227099877581902,687,500,64,64,-0.5822416302765647,65.50218340611353,0.29112081513828236,66.66666666666667,-0.14556040756914118,65.79330422125182,-0.14556040756914118,65.98738476467734,66.13294517224648,0.6060163026102336,3
taskonomy_normal,normal,Surface normals,i2t:COLOR_MATERIAL,Appearance understanding,RCN,REC,0.04009200325209272,-0.012343476719734691,0.09515951921599605,0.00087447607651636,687,500,64,64,0.727802037845706,66.8122270742358,-1.1644832605531295,65.21106259097526,0.4366812227074236,66.37554585152839,3.700743415417188e-17,66.13294517224648,66.13294517224648,0.8276915142761727,3
taskonomy_principal_curvature,principal_curvature,Principal curvature,i2t:COLOR_MATERIAL,Appearance understanding,RCN,REC,0.13627417024499716,0.08079797548359269,0.176055164175763,0.0007937192108355084,687,500,64,64,0.5822416302765647,66.66666666666667,0.0,66.37554585152839,0.0,65.93886462882097,0.19408054342552158,66.32702571567201,66.13294517224648,0.3663189924925154,3
taskonomy_edge_occlusion,edge_occlusion,Occlusion edges,i2t:COLOR_MATERIAL,Appearance understanding,RCN,REC,-0.009288389225908269,-0.062426830443145453,0.048854979597372845,0.0008380136716971489,687,500,64,64,0.14556040756914118,66.22998544395924,-0.5822416302765647,65.79330422125182,1.3100436681222707,67.24890829694323,0.2911208151382824,66.42406598738476,66.13294517224648,0.7469579970082801,3
taskonomy_keypoints3d,keypoints3d,3D keypoints,i2t:COLOR_MATERIAL,Appearance understanding,RCN,REC,0.22241632229204353,0.16254681769978696,0.26172027069978426,0.0006871353230989011,687,500,64,64,-0.29112081513828236,65.79330422125182,-1.1644832605531295,65.21106259097526,-0.727802037845706,65.21106259097526,-0.7278020378457061,65.40514313440077,66.13294517224648,0.3361573619735762,3
taskonomy_reshading,reshading,Reshading,i2t:COLOR_MATERIAL,Appearance understanding,RCN,REC,0.11492203938248513,0.050569250204183167,0.16553098455017254,0.000816565131233041,687,500,64,64,1.1644832605531295,67.24890829694323,-0.29112081513828236,66.0844250363901,-0.5822416302765647,65.3566229985444,0.09704027171276079,66.22998544395924,66.13294517224648,0.9545034242069852,3
inpainting_rect_v14,inpainting,Inpainting,i2t:COLOR_MATERIAL,Appearance understanding,RCN,REC,0.025036178340152683,-0.024408973590165133,0.07638200004420617,0.0006843086433908859,687,500,64,64,0.0,66.0844250363901,-0.14556040756914118,66.22998544395924,0.5822416302765647,66.52110625909752,0.14556040756914118,66.27850557981562,66.13294517224648,0.22234719529140315,3
coco_semantic_v14,semseg,Semantic segmentation,i2t:COLOR_MATERIAL,Appearance understanding,RORG,REC,0.11360482170551779,0.046454692923265546,0.18166479172197283,0.0011196885914011928,687,500,64,64,0.14556040756914118,66.22998544395924,0.29112081513828236,66.66666666666667,0.5822416302765647,66.52110625909752,0.33964095099466274,66.47258612324113,66.13294517224648,0.22234719529140937,3
taskonomy_edge_texture,edge_texture,2D edges,i2t:COLOR_MATERIAL,Appearance understanding,RORG,REC,-0.19099443597054025,-0.23074517146924226,-0.1361355862535805,0.000720899565496488,687,500,64,64,0.4366812227074236,66.52110625909752,0.0,66.37554585152839,0.8733624454148472,66.8122270742358,0.43668122270742354,66.5696263949539,66.13294517224648,0.22234719529140315,3
taskonomy_keypoints2d,keypoints2d,2D keypoints,i2t:COLOR_MATERIAL,Appearance understanding,RORG,REC,0.09667174764542683,0.03174386883216355,0.1464011096951173,0.0008984718118273514,687,500,64,64,-0.29112081513828236,65.79330422125182,0.14556040756914118,66.52110625909752,-0.5822416302765647,65.3566229985444,-0.242600679281902,65.89034449296459,66.13294517224648,0.5882753834537657,3
taskonomy_segment_unsup2d,segment_unsup2d,2D segmentation,i2t:COLOR_MATERIAL,Appearance understanding,RORG,REC,-0.04811572034354114,-0.09618843278904367,0.0026302202425760855,0.000717079540154896,687,500,64,64,0.0,66.0844250363901,-0.727802037845706,65.64774381368268,0.14556040756914118,66.0844250363901,-0.19408054342552158,65.93886462882097,66.13294517224648,0.2521180214801842,3
taskonomy_segment_unsup25d,segment_unsup25d,2.5D segmentation,i2t:COLOR_MATERIAL,Appearance understanding,RORG,REC,0.058613593329863864,0.0017040309151966197,0.1085187440334496,0.0007801596728053406,687,500,64,64,-0.29112081513828236,65.79330422125182,0.5822416302765647,66.95778748180494,0.727802037845706,66.66666666666667,0.33964095099466274,66.47258612324116,66.13294517224648,0.606016302610228,3
counting,counting,Object pointing,i2t:COLOR_MATERIAL,Appearance understanding,RORG,REC,-0.025280916080926974,-0.07465503573887051,0.020163686281849225,0.0006307797682586708,687,500,64,64,-1.3100436681222707,64.77438136826783,-1.0189228529839884,65.3566229985444,1.455604075691412,67.39446870451238,-0.2911208151382823,65.8418243571082,66.13294517224648,1.3757832973078967,3
jigsaw,jigsaw,Jigsaw,i2t:COLOR_MATERIAL,Appearance understanding,RORG,REC,-0.02314225961814816,-0.0705434461241711,0.023557279271894244,0.0006388213182813157,687,500,64,64,1.7467248908296944,67.8311499272198,0.5822416302765647,66.95778748180494,2.183406113537118,68.12227074235808,1.5041242115477924,67.63706938379427,66.13294517224648,0.6060163026102336,3
localization,localization,Localization,i2t:COLOR_MATERIAL,Appearance understanding,RORG,REC,0.007840985889201593,-0.04331855980036047,0.05571183370722834,0.0007130925573605922,687,500,64,64,0.14556040756914118,66.22998544395924,0.14556040756914118,66.52110625909752,0.29112081513828236,66.22998544395924,0.19408054342552158,66.32702571567201,66.13294517224648,0.1680786809867922,3
category_v14,category,Object editing,i2t:DEPTH_DISTANCE,Depth understanding,REC,RCN,0.013902277997409033,-0.02213380418157799,0.06367956341066502,0.0006729408722990101,820,500,64,64,0.36585365853658536,85.60975609756098,-0.36585365853658536,83.65853658536585,-0.12195121951219512,84.26829268292683,-0.04065040650406504,84.51219512195121,84.5528455284553,0.998213752667373,3
appearance_v14,appearance,Attribute editing,i2t:DEPTH_DISTANCE,Depth understanding,REC,RCN,-0.004607799993903568,-0.045257727686500195,0.050277192501675304,0.0007304665793977631,820,500,64,64,-0.975609756097561,84.26829268292683,-1.0975609756097562,82.92682926829268,0.24390243902439024,84.63414634146342,-0.6097560975609756,83.9430894308943,84.5528455284553,0.8989164385161011,3
colorization_taskonomy_v14,colorization,Colorization (Taskonomy),i2t:DEPTH_DISTANCE,Depth understanding,RCN,RCN,-0.07297098114608022,-0.11216210014290762,-0.029035556540827304,0.0005985673121479929,820,500,64,64,-0.24390243902439024,85.0,-0.24390243902439024,83.78048780487805,0.4878048780487805,84.8780487804878,0.0,84.55284552845528,84.5528455284553,0.671654944790987,3
taskonomy_depth_zbuffer,depth_zbuffer,Z-depth,i2t:DEPTH_DISTANCE,Depth understanding,RCN,RCN,0.07026291682849711,0.008926369489888054,0.13339451777256653,0.0010098234347630374,820,500,64,64,0.24390243902439024,85.48780487804878,0.12195121951219512,84.14634146341463,-0.36585365853658536,84.02439024390245,0.0,84.55284552845528,84.5528455284553,0.8119912339608991,3
taskonomy_depth_euclidean,depth_euclidean,Euclidean depth,i2t:DEPTH_DISTANCE,Depth understanding,RCN,RCN,0.14747656605505546,0.06624859871008536,0.19738732909200252,0.0010469059525497093,820,500,64,64,0.36585365853658536,85.60975609756098,0.975609756097561,85.0,1.0975609756097562,85.48780487804878,0.8130081300813008,85.3658536585366,84.5528455284553,0.3226525989103152,3
taskonomy_normal,normal,Surface normals,i2t:DEPTH_DISTANCE,Depth understanding,RCN,RCN,-0.13465426686592774,-0.208326568416521,-0.05878500054130553,0.0013161858330467781,820,500,64,64,-1.0975609756097562,84.14634146341463,-0.24390243902439024,83.78048780487805,0.6097560975609756,85.0,-0.24390243902439027,84.3089430894309,84.5528455284553,0.6258050535910837,3
taskonomy_principal_curvature,principal_curvature,Principal curvature,i2t:DEPTH_DISTANCE,Depth understanding,RCN,RCN,-0.1143421484347167,-0.1678733852164472,-0.03973355687570106,0.0010575370524284265,820,500,64,64,0.24390243902439024,85.48780487804878,1.4634146341463414,85.48780487804878,1.0975609756097562,85.48780487804878,0.9349593495934959,85.48780487804878,84.5528455284553,0.0,3
taskonomy_edge_occlusion,edge_occlusion,Occlusion edges,i2t:DEPTH_DISTANCE,Depth understanding,RCN,RCN,-0.09474676320294616,-0.16940712794675744,-0.019039828355253214,0.0011826444504508052,820,500,64,64,0.8536585365853658,86.09756097560975,0.4878048780487805,84.51219512195122,0.6097560975609756,85.0,0.6504065040650406,85.20325203252033,84.5528455284553,0.8119912339608983,3
taskonomy_keypoints3d,keypoints3d,3D keypoints,i2t:DEPTH_DISTANCE,Depth understanding,RCN,RCN,-0.07967193709603779,-0.1289801609290873,-0.026155013755300893,0.0008015529266695978,820,500,64,64,0.4878048780487805,85.73170731707317,0.36585365853658536,84.39024390243902,0.6097560975609756,85.0,0.4878048780487805,85.04065040650407,84.5528455284553,0.6716549447909891,3
taskonomy_reshading,reshading,Reshading,i2t:DEPTH_DISTANCE,Depth understanding,RCN,RCN,0.03213471717967018,-0.02620876059357457,0.08807626061055322,0.0008996974799732539,820,500,64,64,0.6097560975609756,85.85365853658537,-0.12195121951219512,83.90243902439025,-0.8536585365853658,83.53658536585365,-0.12195121951219512,84.43089430894308,84.5528455284553,1.245654751710944,3
inpainting_rect_v14,inpainting,Inpainting,i2t:DEPTH_DISTANCE,Depth understanding,RCN,RCN,-0.06521072332045184,-0.10453096887094793,-0.0192086739450042,0.000639197381826357,820,500,64,64,0.12195121951219512,85.36585365853658,-1.2195121951219512,82.8048780487805,-1.4634146341463414,82.92682926829268,-0.8536585365853658,83.69918699186992,84.5528455284553,1.444663060481041,3
coco_semantic_v14,semseg,Semantic segmentation,i2t:DEPTH_DISTANCE,Depth understanding,RORG,RCN,0.09309411827006096,0.00601973899476795,0.17961569501256022,0.0015290911587398366,820,500,64,64,-1.5853658536585367,83.65853658536585,-0.975609756097561,83.04878048780488,-0.975609756097561,83.41463414634147,-1.1788617886178863,83.3739837398374,84.5528455284553,0.30690383883214467,3
taskonomy_edge_texture,edge_texture,2D edges,i2t:DEPTH_DISTANCE,Depth understanding,RORG,RCN,-0.07585226100619943,-0.11556892395576475,-0.02919709262504526,0.0006494551769913024,820,500,64,64,2.073170731707317,87.3170731707317,-0.12195121951219512,83.90243902439025,0.24390243902439024,84.63414634146342,0.7317073170731708,85.28455284552847,84.5528455284553,1.7978328770321887,3
taskonomy_keypoints2d,keypoints2d,2D keypoints,i2t:DEPTH_DISTANCE,Depth understanding,RORG,RCN,-0.0672247558067342,-0.1251577134276364,-0.0014240891398089885,0.0010027249274922568,820,500,64,64,-0.4878048780487805,84.7560975609756,2.682926829268293,86.70731707317073,0.4878048780487805,84.8780487804878,0.894308943089431,85.4471544715447,84.5528455284553,1.0930349316868906,3
taskonomy_segment_unsup2d,segment_unsup2d,2D segmentation,i2t:DEPTH_DISTANCE,Depth understanding,RORG,RCN,-0.12556988913442696,-0.1728334450461894,-0.07330591744869962,0.0007555008485907976,820,500,64,64,1.5853658536585367,86.82926829268293,0.4878048780487805,84.51219512195122,0.24390243902439024,84.63414634146342,0.7723577235772359,85.32520325203252,84.5528455284553,1.3039849538492196,3
taskonomy_segment_unsup25d,segment_unsup25d,2.5D segmentation,i2t:DEPTH_DISTANCE,Depth understanding,RORG,RCN,-0.10287584550295456,-0.16749274754045315,-0.033388604643097855,0.0010274751290184627,820,500,64,64,-0.4878048780487805,84.7560975609756,-0.7317073170731707,83.29268292682927,0.36585365853658536,84.7560975609756,-0.2845528455284553,84.26829268292683,84.5528455284553,0.8449028329604226,3
counting,counting,Object pointing,i2t:DEPTH_DISTANCE,Depth understanding,RORG,RCN,-0.03775024038960023,-0.06947245410044409,-0.0011960139400501654,0.0004734855377477222,820,500,64,64,-3.1707317073170733,82.07317073170732,-1.829268292682927,82.1951219512195,-0.975609756097561,83.41463414634147,-1.991869918699187,82.5609756097561,84.5528455284553,0.7418003085729576,3
jigsaw,jigsaw,Jigsaw,i2t:DEPTH_DISTANCE,Depth understanding,RORG,RCN,-0.060773016721911224,-0.08969649302187212,-0.02863967353878638,0.00045936520580394034,820,500,64,64,0.4878048780487805,85.73170731707317,0.24390243902439024,84.26829268292683,0.4878048780487805,84.8780487804878,0.4065040650406504,84.95934959349593,84.5528455284553,0.7350870455294792,3
localization,localization,Localization,i2t:DEPTH_DISTANCE,Depth understanding,RORG,RCN,-0.04017589387722927,-0.07947298049973808,0.011564266330520078,0.0007062093347179511,820,500,64,64,0.975609756097561,86.21951219512195,0.975609756097561,85.0,0.7317073170731707,85.1219512195122,0.8943089430894308,85.44715447154472,84.5528455284553,0.671654944790987,3
category_v14,category,Object editing,i2t:METRIC_3D_RELATION,Metric 3D relation,REC,RCN,-0.05936291353840348,-0.11777617121783868,-0.019721528248370767,0.0007557127748261372,723,500,64,64,1.6597510373443984,70.53941908713693,1.6597510373443984,70.53941908713693,2.7662517289073305,70.95435684647303,2.028584601198709,70.6777316735823,68.64914707238358,0.23956442704963637,3
appearance_v14,appearance,Attribute editing,i2t:METRIC_3D_RELATION,Metric 3D relation,REC,RCN,-0.08634325016499526,-0.13115887126254078,-0.04352175264528214,0.0006723587760691042,723,500,64,64,1.1065006915629323,69.98616874135546,0.4149377593360996,69.29460580912863,0.2766251728907331,68.46473029045643,0.599354541263255,69.24850161364684,68.64914707238358,0.7617663274254609,3
colorization_taskonomy_v14,colorization,Colorization (Taskonomy),i2t:METRIC_3D_RELATION,Metric 3D relation,RCN,RCN,-0.28311088921584354,-0.31650656850419856,-0.23301227857350848,0.0006552468588671194,723,500,64,64,0.6915629322268326,69.57123098201936,-0.4149377593360996,68.46473029045643,1.1065006915629323,69.29460580912863,0.4610419548178884,69.11018902720147,68.64914707238358,0.5758412170030776,3
taskonomy_depth_zbuffer,depth_zbuffer,Z-depth,i2t:METRIC_3D_RELATION,Metric 3D relation,RCN,RCN,0.04512727040027166,-0.02881613621046286,0.12663084520074658,0.0012523423026172924,723,500,64,64,2.904564315352697,71.78423236514523,4.011065006915629,72.89073305670816,3.872752420470263,72.06085753803596,3.59612724757953,72.24527431996312,68.64914707238358,0.5758412170030776,3
taskonomy_depth_euclidean,depth_euclidean,Euclidean depth,i2t:METRIC_3D_RELATION,Metric 3D relation,RCN,RCN,0.16863565582260642,0.09065037719899509,0.2238397695854802,0.0010464414938259118,723,500,64,64,2.7662517289073305,71.64591977869986,4.149377593360996,73.02904564315352,4.564315352697095,72.75242047026279,3.826648224988474,72.47579529737206,68.64914707238358,0.7318814138491234,3
taskonomy_normal,normal,Surface normals,i2t:METRIC_3D_RELATION,Metric 3D relation,RCN,RCN,-0.03950336070816653,-0.10832605707942262,0.026671264072221687,0.0011575403957115422,723,500,64,64,2.4896265560165975,71.36929460580913,4.287690179806362,73.16735822959889,3.4578146611341634,71.64591977869986,3.4117104656523742,72.06085753803596,68.64914707238358,0.9681881051175623,3
taskonomy_principal_curvature,principal_curvature,Principal curvature,i2t:METRIC_3D_RELATION,Metric 3D relation,RCN,RCN,-0.0015006511107815354,-0.07421145039068046,0.07786439146206055,0.0012079386904487847,723,500,64,64,-0.13831258644536654,68.74135546334716,2.2130013831258646,71.0926694329184,1.9363762102351314,70.12448132780084,1.3370216689718764,69.98616874135547,68.64914707238358,1.1817432566137698,3
taskonomy_edge_occlusion,edge_occlusion,Occlusion edges,i2t:METRIC_3D_RELATION,Metric 3D relation,RCN,RCN,-0.09608847878866576,-0.17356317468534138,-0.015414420919287039,0.0012691350102605418,723,500,64,64,0.6915629322268326,69.57123098201936,1.6597510373443984,70.53941908713693,3.18118948824343,71.36929460580913,1.8441678192715536,70.49331489165515,68.64914707238358,0.8999179942804622,3
taskonomy_keypoints3d,keypoints3d,3D keypoints,i2t:METRIC_3D_RELATION,Metric 3D relation,RCN,RCN,-0.06138482178312684,-0.1072972339541384,-0.011327393685242724,0.0007486758675434494,723,500,64,64,-0.2766251728907331,68.6030428769018,1.9363762102351314,70.81604426002767,2.4896265560165975,70.6777316735823,1.383125864453665,70.03227293683726,68.64914707238358,1.23968000550934,3
taskonomy_reshading,reshading,Reshading,i2t:METRIC_3D_RELATION,Metric 3D relation,RCN,RCN,0.09412573298629963,0.037558644023436685,0.1409738113450659,0.0008035650603723706,723,500,64,64,0.6915629322268326,69.57123098201936,2.627939142461964,71.5076071922545,1.9363762102351314,70.12448132780084,1.751959428307976,70.40110650069157,68.64914707238358,0.9973862449416315,3
inpainting_rect_v14,inpainting,Inpainting,i2t:METRIC_3D_RELATION,Metric 3D relation,RCN,RCN,-0.07158802493604453,-0.11368802090167601,-0.033979573406640956,0.0005894543354219512,723,500,64,64,0.9681881051175657,69.84785615491009,0.6915629322268326,69.57123098201936,1.3831258644536653,69.57123098201936,1.0142923005993545,69.66343937298294,68.64914707238358,0.15970961803309094,3
coco_semantic_v14,semseg,Semantic segmentation,i2t:METRIC_3D_RELATION,Metric 3D relation,RORG,RCN,0.07001596672672787,0.005636491608145309,0.12841951508245325,0.0010022095830604441,723,500,64,64,1.1065006915629323,69.98616874135546,2.904564315352697,71.78423236514523,1.798063623789765,69.98616874135546,1.9363762102351314,70.58552328261872,68.64914707238358,1.0381125172150993,3
taskonomy_edge_texture,edge_texture,2D edges,i2t:METRIC_3D_RELATION,Metric 3D relation,RORG,RCN,0.07986469522085446,0.01688283800585738,0.14521175256065555,0.0009696837257653686,723,500,64,64,0.0,68.87966804979253,1.5214384508990317,70.40110650069157,2.074688796680498,70.2627939142462,1.1987090825265099,69.8478561549101,68.64914707238358,0.8413226182985141,3
taskonomy_keypoints2d,keypoints2d,2D keypoints,i2t:METRIC_3D_RELATION,Metric 3D relation,RORG,RCN,0.13697119323439008,0.06632037445482704,0.1950414478128323,0.0010075755592093135,723,500,64,64,-0.4149377593360996,68.46473029045643,1.9363762102351314,70.81604426002767,1.3831258644536653,69.57123098201936,0.9681881051175657,69.61733517750115,68.64914707238358,1.176334792270457,3
taskonomy_segment_unsup2d,segment_unsup2d,2D segmentation,i2t:METRIC_3D_RELATION,Metric 3D relation,RORG,RCN,0.03206206349521344,-0.022282457754268757,0.08270990354913352,0.0007918725653326855,723,500,64,64,-0.4149377593360996,68.46473029045643,2.074688796680498,70.95435684647303,1.5214384508990317,69.70954356846472,1.0603964960811434,69.70954356846472,68.64914707238358,1.2448132780083014,3
taskonomy_segment_unsup25d,segment_unsup25d,2.5D segmentation,i2t:METRIC_3D_RELATION,Metric 3D relation,RORG,RCN,0.043519969150102145,-0.009665567831010663,0.09150925652230381,0.0007704675828141692,723,500,64,64,1.9363762102351314,70.81604426002767,2.351313969571231,71.23098201936376,2.2130013831258646,70.40110650069157,2.1668971876440755,70.81604426002768,68.64914707238358,0.4149377593360981,3
counting,counting,Object pointing,i2t:METRIC_3D_RELATION,Metric 3D relation,RORG,RCN,-0.02118335469543946,-0.05120599996860246,0.011612321179539066,0.0004500252562565957,723,500,64,64,-0.8298755186721992,68.04979253112033,0.9681881051175657,69.84785615491009,0.8298755186721992,69.0179806362379,0.3227293683725219,68.9718764407561,68.64914707238358,0.8999179942804548,3
jigsaw,jigsaw,Jigsaw,i2t:METRIC_3D_RELATION,Metric 3D relation,RORG,RCN,-0.01915437674962414,-0.04948759978697163,0.012070202385327213,0.000441024190447579,723,500,64,64,1.5214384508990317,70.40110650069157,3.319502074688797,72.19917012448133,3.0428769017980635,71.23098201936376,2.627939142461964,71.27708621484555,68.64914707238358,0.8999179942804548,3
localization,localization,Localization,i2t:METRIC_3D_RELATION,Metric 3D relation,RORG,RCN,-0.019263289407365408,-0.05589110552061847,0.025646046038566295,0.000609321539601788,723,500,64,64,1.798063623789765,70.6777316735823,2.627939142461964,71.5076071922545,0.9681881051175657,69.15629322268326,1.798063623789765,70.44721069617334,68.64914707238358,1.1924865980984416,3
category_v14,category,Object editing,i2t:RELATIVE_3D_RELATION,2D spatial relation,REC,RCN,0.03714845207310142,-0.025289311962648362,0.09404974418697529,0.0009432913388537961,927,500,64,64,-2.157497303128371,86.29989212513485,-0.8629989212513485,87.16289104638619,-1.8338727076591155,86.29989212513485,-1.6181229773462784,86.58755843221861,88.20568140956489,0.49825265949482156,3
appearance_v14,appearance,Attribute editing,i2t:RELATIVE_3D_RELATION,2D spatial relation,REC,RCN,0.04466060873660997,-0.012735002241042804,0.0966423340186457,0.000858873394536839,927,500,64,64,-0.32362459546925565,88.13376483279396,-0.32362459546925565,87.70226537216828,-1.0787486515641855,87.05501618122977,-0.5753326141675656,87.63034879539732,88.20568140956489,0.5429582477720771,3
colorization_taskonomy_v14,colorization,Colorization (Taskonomy),i2t:RELATIVE_3D_RELATION,2D spatial relation,RCN,RCN,-0.1760949955839328,-0.21394663762456878,-0.12723699452596418,0.0006677239002899677,927,500,64,64,-0.8629989212513485,87.59439050701187,-1.186623516720604,86.83926645091694,-1.6181229773462784,86.51564185544768,-1.2225818051060768,86.98309960445881,88.20568140956489,0.5535708133168147,3
taskonomy_depth_zbuffer,depth_zbuffer,Z-depth,i2t:RELATIVE_3D_RELATION,2D spatial relation,RCN,RCN,-0.13655663826278278,-0.22108145174075,-0.04260118738138458,0.0014646985798541002,927,500,64,64,-0.43149946062567424,88.02588996763754,-0.8629989212513485,87.16289104638619,-1.0787486515641855,87.05501618122977,-0.7910823444804027,87.41459906508449,88.20568140956489,0.5321340736047719,3
taskonomy_depth_euclidean,depth_euclidean,Euclidean depth,i2t:RELATIVE_3D_RELATION,2D spatial relation,RCN,RCN,-0.10159279542016839,-0.17556001832138224,-0.025669195858365485,0.0012285424359735947,927,500,64,64,-0.8629989212513485,87.59439050701187,-0.5393743257820928,87.48651564185545,-0.32362459546925565,87.8101402373247,-0.5753326141675655,87.63034879539732,88.20568140956489,0.1647815783874804,3
taskonomy_normal,normal,Surface normals,i2t:RELATIVE_3D_RELATION,2D spatial relation,RCN,RCN,0.00833661833877352,-0.04016865373796934,0.05613737085989067,0.0008063518682270354,927,500,64,64,-0.32362459546925565,88.13376483279396,-0.43149946062567424,87.59439050701187,-0.970873786407767,87.16289104638619,-0.5753326141675656,87.63034879539732,88.20568140956489,0.48643470904238234,3
taskonomy_principal_curvature,principal_curvature,Principal curvature,i2t:RELATIVE_3D_RELATION,2D spatial relation,RCN,RCN,0.07880360046726217,0.012867227846726568,0.13120281469328557,0.000983795381324767,927,500,64,64,0.0,88.45738942826321,1.0787486515641855,89.10463861920172,0.10787486515641856,88.24163969795038,0.39554117224020136,88.60122258180509,88.20568140956489,0.44911887798621963,3
taskonomy_edge_occlusion,edge_occlusion,Occlusion edges,i2t:RELATIVE_3D_RELATION,2D spatial relation,RCN,RCN,-0.07786036341441649,-0.1270887056352727,-0.012646060380628082,0.0009141750118066583,927,500,64,64,-0.970873786407767,87.48651564185545,-0.970873786407767,87.05501618122977,-1.4023732470334411,86.73139158576052,-1.1147069399496583,87.09097446961523,88.20568140956489,0.3788440759745672,3
taskonomy_keypoints3d,keypoints3d,3D keypoints,i2t:RELATIVE_3D_RELATION,2D spatial relation,RCN,RCN,0.16416596873065264,0.09754825579192403,0.21047054433946688,0.0008648192788849727,927,500,64,64,0.43149946062567424,88.88888888888889,0.32362459546925565,88.3495145631068,-0.5393743257820928,87.59439050701187,0.07191657677094572,88.27759798633583,88.20568140956489,0.6502388105007222,3
taskonomy_reshading,reshading,Reshading,i2t:RELATIVE_3D_RELATION,2D spatial relation,RCN,RCN,0.06826373053183019,-0.005042029568726331,0.13150029753977782,0.0010954872738891917,927,500,64,64,0.0,88.45738942826321,-0.32362459546925565,87.70226537216828,0.32362459546925565,88.45738942826321,0.0,88.20568140956489,88.20568140956489,0.43597107705796884,3
inpainting_rect_v14,inpainting,Inpainting,i2t:RELATIVE_3D_RELATION,2D spatial relation,RCN,RCN,0.035389806651104944,-0.021101652294576816,0.0853922102917674,0.0008273936202507172,927,500,64,64,-1.2944983818770226,87.16289104638619,0.6472491909385113,88.67313915857605,-0.5393743257820928,87.59439050701187,-0.39554117224020136,87.81014023732469,88.20568140956489,0.7778967153104598,3
coco_semantic_v14,semseg,Semantic segmentation,i2t:RELATIVE_3D_RELATION,2D spatial relation,RORG,RCN,0.10762328739250182,0.02947349380984057,0.1838100458721251,0.0013402175632547817,927,500,64,64,-0.7551240560949298,87.70226537216828,0.21574973031283712,88.24163969795038,-0.43149946062567424,87.70226537216828,-0.32362459546925565,87.88205681409563,88.20568140956489,0.31140791218426345,3
taskonomy_edge_texture,edge_texture,2D edges,i2t:RELATIVE_3D_RELATION,2D spatial relation,RORG,RCN,-0.1696984890605463,-0.20607046998288067,-0.11649086283300382,0.0006977486786637672,927,500,64,64,0.5393743257820928,88.9967637540453,0.6472491909385113,88.67313915857605,0.32362459546925565,88.45738942826321,0.5034160373966199,88.70909744696151,88.20568140956489,0.27147912388603856,3
taskonomy_keypoints2d,keypoints2d,2D keypoints,i2t:RELATIVE_3D_RELATION,2D spatial relation,RORG,RCN,0.13956820261616362,0.07146384750580592,0.18615699465137098,0.0009497721642485485,927,500,64,64,0.43149946062567424,88.88888888888889,0.32362459546925565,88.3495145631068,0.21574973031283712,88.3495145631068,0.32362459546925565,88.52930600503414,88.20568140956489,0.31140791218426345,3
taskonomy_segment_unsup2d,segment_unsup2d,2D segmentation,i2t:RELATIVE_3D_RELATION,2D spatial relation,RORG,RCN,-0.060099798052985764,-0.11200066309815582,-0.008292387436058384,0.000817690087924871,927,500,64,64,-0.32362459546925565,88.13376483279396,0.5393743257820928,88.56526429341963,-0.43149946062567424,87.70226537216828,-0.0719165767709457,88.13376483279394,88.20568140956489,0.43149946062567324,3
taskonomy_segment_unsup25d,segment_unsup25d,2.5D segmentation,i2t:RELATIVE_3D_RELATION,2D spatial relation,RORG,RCN,0.006220790674473111,-0.050274338214029546,0.06014923888467377,0.0009235164493600969,927,500,64,64,-0.5393743257820928,87.91801510248112,-0.43149946062567424,87.59439050701187,-1.0787486515641855,87.05501618122977,-0.6832074793239841,87.5224739302409,88.20568140956489,0.43597107705796884,3
counting,counting,Object pointing,i2t:RELATIVE_3D_RELATION,2D spatial relation,RORG,RCN,-0.007653461691610696,-0.06023956036964978,0.04492357721491438,0.0008009804232592169,927,500,64,64,-0.21574973031283712,88.24163969795038,-0.21574973031283712,87.8101402373247,0.0,88.13376483279396,-0.1438331535418914,88.061848256023,88.20568140956489,0.22455943899310982,3
jigsaw,jigsaw,Jigsaw,i2t:RELATIVE_3D_RELATION,2D spatial relation,RORG,RCN,-0.004889187253903832,-0.05693271463989321,0.04842363214246575,0.0007915323683698651,927,500,64,64,-0.43149946062567424,88.02588996763754,0.43149946062567424,88.45738942826321,-0.6472491909385113,87.48651564185545,-0.2157497303128371,87.98993167925205,88.20568140956489,0.4864347090423823,3
localization,localization,Localization,i2t:RELATIVE_3D_RELATION,2D spatial relation,RORG,RCN,0.02408948212569633,-0.035110887514052336,0.0768402819061298,0.0008838050532120596,927,500,64,64,-1.0787486515641855,87.37864077669903,-1.2944983818770226,86.73139158576052,0.6472491909385113,88.78101402373247,-0.5753326141675656,87.63034879539732,88.20568140956489,1.0477383879419944,3
category_v14,category,Object editing,i2t:OBJECT_COUNTING,Counting,REC,RORG,0.281729390421339,0.21840303100080272,0.32782494510722016,0.0008487920134897455,1542,500,64,64,1.8158236057068742,64.26718547341116,0.9727626459143969,65.82360570687419,0.45395590142671854,63.878080415045396,1.0808473843493298,64.65629053177692,63.575443147427585,1.0294752183130693,3
appearance_v14,appearance,Attribute editing,i2t:OBJECT_COUNTING,Counting,REC,RORG,0.26986022355022776,0.2081672037807038,0.315886905040537,0.0008728863763788763,1542,500,64,64,2.0103761348897535,64.46173800259403,1.0376134889753568,65.88845654993514,1.297016861219196,64.72114137483787,1.448335495028102,65.02377864245568,63.575443147427585,0.7599825262104143,3
colorization_taskonomy_v14,colorization,Colorization (Taskonomy),i2t:OBJECT_COUNTING,Counting,RCN,RORG,0.08483596275137303,0.03089078743282083,0.13480581291680202,0.0007995838655386537,1542,500,64,64,1.1024643320363166,63.5538261997406,0.0648508430609598,64.91569390402076,1.0376134889753568,64.46173800259403,0.7349762213575444,64.31041936878512,63.575443147427585,0.6934290934866171,3
taskonomy_depth_zbuffer,depth_zbuffer,Z-depth,i2t:OBJECT_COUNTING,Counting,RCN,RORG,0.2593184812509338,0.17483669105422842,0.3184965861343783,0.0011836024513017687,1542,500,64,64,2.2697795071335927,64.72114137483787,0.1297016861219196,64.98054474708171,2.3346303501945527,65.75875486381322,1.5780371811500216,65.1534803285776,63.575443147427585,0.5399911801468548,3
taskonomy_depth_euclidean,depth_euclidean,Euclidean depth,i2t:OBJECT_COUNTING,Counting,RCN,RORG,0.24498305452304278,0.14552891206170424,0.3155300114184808,0.001377507947701847,1542,500,64,64,1.1024643320363166,63.5538261997406,0.5188067444876784,65.36964980544747,1.297016861219196,64.72114137483787,0.972762645914397,64.54820579334198,63.575443147427585,0.9201814376909938,3
taskonomy_normal,normal,Surface normals,i2t:OBJECT_COUNTING,Counting,RCN,RORG,0.08570756105350358,-0.006263534618263566,0.16797489578633795,0.001416031555246581,1542,500,64,64,1.9455252918287937,64.39688715953308,0.9727626459143969,65.82360570687419,0.9079118028534371,64.33203631647211,1.2753999135322092,64.85084306095979,63.575443147427585,0.8430609597924765,3
taskonomy_principal_curvature,principal_curvature,Principal curvature,i2t:OBJECT_COUNTING,Counting,RCN,RORG,0.1952235523563116,0.10305475493556375,0.2609789598758237,0.0013685335386163845,1542,500,64,64,0.9727626459143969,63.42412451361868,0.324254215304799,65.1750972762646,1.1673151750972763,64.59143968871595,0.8214440121054908,64.39688715953308,63.575443147427585,0.8915516916256497,3
taskonomy_edge_occlusion,edge_occlusion,Occlusion edges,i2t:OBJECT_COUNTING,Counting,RCN,RORG,0.1398761874355289,0.049052113011397586,0.20533998331552533,0.0012850831293314516,1542,500,64,64,1.297016861219196,63.74837872892348,1.1673151750972763,66.01815823605708,0.5836575875486382,64.00778210116732,1.0159965412883702,64.59143968871597,63.575443147427585,1.2423634280588878,3
taskonomy_keypoints3d,keypoints3d,3D keypoints,i2t:OBJECT_COUNTING,Counting,RCN,RORG,0.310610164435658,0.2471889771859988,0.33977066335327916,0.0007208568203906587,1542,500,64,64,2.6588845654993514,65.11024643320363,0.8430609597924773,65.69390402075227,0.9727626459143969,64.39688715953308,1.4915693904020753,65.06701253782967,63.575443147427585,0.6495883787858479,3
taskonomy_reshading,reshading,Reshading,i2t:OBJECT_COUNTING,Counting,RCN,RORG,0.30300033976764773,0.2163118679549686,0.34740329753776467,0.0009913284477870757,1542,500,64,64,2.204928664072633,64.65629053177692,0.9079118028534371,65.75875486381322,0.45395590142671854,63.878080415045396,1.1889321227842629,64.76437527021184,63.575443147427585,0.9449845652569955,3
inpainting_rect_v14,inpainting,Inpainting,i2t:OBJECT_COUNTING,Counting,RCN,RORG,0.19955141038080598,0.1480226766242296,0.2485204199250752,0.0007988635634613686,1542,500,64,64,2.140077821011673,64.59143968871595,0.38910505836575876,65.23994811932555,1.9455252918287937,65.36964980544747,1.4915693904020753,65.06701253782965,63.575443147427585,0.4169325880239049,3
coco_semantic_v14,semseg,Semantic segmentation,i2t:OBJECT_COUNTING,Counting,RORG,RORG,0.31664765407922957,0.20761793130059256,0.39156307159194437,0.0015603680657661084,1542,500,64,64,2.0752269779507135,64.526588845655,0.5188067444876784,65.36964980544747,0.648508430609598,64.07263294422827,1.0808473843493298,64.65629053177692,63.575443147427585,0.6581641741304911,3
taskonomy_edge_texture,edge_texture,2D edges,i2t:OBJECT_COUNTING,Counting,RORG,RORG,-0.16109406168946366,-0.21751867863273253,-0.09327557493800302,0.0009633277439566843,1542,500,64,64,2.4643320363164722,64.91569390402076,0.7133592736705577,65.56420233463035,1.4267185473411155,64.85084306095979,1.5348032857760485,65.11024643320364,63.575443147427585,0.39447227822945746,3
taskonomy_keypoints2d,keypoints2d,2D keypoints,i2t:OBJECT_COUNTING,Counting,RORG,RORG,0.07365551144357833,-0.0019955134329568054,0.13663158729089267,0.00112866613756033,1542,500,64,64,2.2697795071335927,64.72114137483787,0.8430609597924773,65.69390402075227,1.1024643320363166,64.526588845655,1.405101599654129,64.98054474708171,63.575443147427585,0.6253988820358588,3
taskonomy_segment_unsup2d,segment_unsup2d,2D segmentation,i2t:OBJECT_COUNTING,Counting,RORG,RORG,0.16005396403702374,0.0907889054322463,0.20491745231493536,0.0008871050350758073,1542,500,64,64,1.880674448767834,64.33203631647211,0.324254215304799,65.1750972762646,2.0752269779507135,65.49935149156939,1.4267185473411157,65.00216169476869,63.575443147427585,0.6025663581827206,3
taskonomy_segment_unsup25d,segment_unsup25d,2.5D segmentation,i2t:OBJECT_COUNTING,Counting,RORG,RORG,0.20633127179291397,0.11631734779189747,0.27182047391250996,0.0012143333208884095,1542,500,64,64,1.4915693904020753,63.942931258106356,0.5188067444876784,65.36964980544747,1.1673151750972763,64.59143968871595,1.0592304366623433,64.63467358408992,63.575443147427585,0.7143411864184284,3
counting,counting,Object pointing,i2t:OBJECT_COUNTING,Counting,RORG,RORG,0.19073860098472856,0.13895557043232235,0.23349192602750393,0.000704000933563233,1542,500,64,64,3.566796368352789,66.01815823605708,0.5836575875486382,65.43450064850843,1.7509727626459144,65.1750972762646,1.9671422395157805,65.54258538694336,63.575443147427585,0.4317981918598852,3
jigsaw,jigsaw,Jigsaw,i2t:OBJECT_COUNTING,Counting,RORG,RORG,0.17329611213293555,0.12257190674139866,0.21605845739119453,0.0007015226174811485,1542,500,64,64,1.297016861219196,63.74837872892348,0.7782101167315175,65.6290531776913,0.7782101167315175,64.2023346303502,0.9511456982274104,64.526588845655,63.575443147427585,0.9813713327121596,3
localization,localization,Localization,i2t:OBJECT_COUNTING,Counting,RORG,RORG,0.19796761228979895,0.12386695031379763,0.24836489104723572,0.0010100490778812826,1542,500,64,64,3.6964980544747084,66.147859922179,1.1673151750972763,66.01815823605708,2.594033722438392,66.01815823605708,2.4859489840034588,66.06139213143105,63.575443147427585,0.07488330339683835,3
category_v14,category,Object editing,i2t:CORRESPONDENCE_TRACKING,Visual correspondence,REC,RORG,-0.31936879716350114,-0.34638758743294307,-0.24575140322211636,0.0007662642489339204,508,500,64,64,-3.7401574803149606,46.653543307086615,-0.5905511811023622,50.98425196850393,-1.7716535433070866,48.425196850393704,-2.0341207349081363,48.68766404199474,50.721784776902894,2.1772519715271708,3
appearance_v14,appearance,Attribute editing,i2t:CORRESPONDENCE_TRACKING,Visual correspondence,REC,RORG,-0.2871004541150007,-0.32253028198209344,-0.22273728268799234,0.0007826181009428567,508,500,64,64,-3.543307086614173,46.8503937007874,-2.1653543307086616,49.40944881889764,-1.1811023622047243,49.01574803149607,-2.2965879265091864,48.4251968503937,50.721784776902894,1.3779527559055131,3
colorization_taskonomy_v14,colorization,Colorization (Taskonomy),i2t:CORRESPONDENCE_TRACKING,Visual correspondence,RCN,RORG,-0.05172631802193341,-0.10380829090571435,0.0005797437327778705,0.0007885242860041229,508,500,64,64,-0.1968503937007874,50.196850393700785,-1.968503937007874,49.60629921259842,-0.5905511811023622,49.60629921259842,-0.9186351706036745,49.80314960629921,50.721784776902894,0.3409548833797007,3
taskonomy_depth_zbuffer,depth_zbuffer,Z-depth,i2t:CORRESPONDENCE_TRACKING,Visual correspondence,RCN,RORG,-0.5202114033353095,-0.5745108947626356,-0.4299466375252732,0.0013508342300580065,508,500,64,64,-2.7559055118110236,47.63779527559055,-1.3779527559055118,50.196850393700785,0.0,50.196850393700785,-1.3779527559055118,49.343832020997375,50.721784776902894,1.4774711613120348,3
taskonomy_depth_euclidean,depth_euclidean,Euclidean depth,i2t:CORRESPONDENCE_TRACKING,Visual correspondence,RCN,RORG,-0.5011302961900342,-0.5671444918010055,-0.37755214200703535,0.0015630947549676397,508,500,64,64,-4.52755905511811,45.86614173228347,-5.118110236220472,46.45669291338583,-4.133858267716535,46.06299212598425,-4.593175853018372,46.12860892388452,50.721784776902894,0.3006939432385728,3
taskonomy_normal,normal,Surface normals,i2t:CORRESPONDENCE_TRACKING,Visual correspondence,RCN,RORG,-0.02592766076242125,-0.09555612308258482,0.06626311381152729,0.001282038539969471,508,500,64,64,-2.952755905511811,47.44094488188976,-3.543307086614173,48.031496062992126,-2.1653543307086616,48.031496062992126,-2.887139107611549,47.83464566929134,50.721784776902894,0.3409548833797007,3
taskonomy_principal_curvature,principal_curvature,Principal curvature,i2t:CORRESPONDENCE_TRACKING,Visual correspondence,RCN,RORG,0.038832121087990105,-0.0613280045472347,0.12010576192180948,0.0015087033751349029,508,500,64,64,-1.5748031496062993,48.818897637795274,-1.1811023622047243,50.39370078740158,-1.1811023622047243,49.01574803149607,-1.3123359580052494,49.40944881889764,50.721784776902894,0.8580509731379291,3
taskonomy_edge_occlusion,edge_occlusion,Occlusion edges,i2t:CORRESPONDENCE_TRACKING,Visual correspondence,RCN,RORG,-0.1732831572908727,-0.23204288579689492,-0.08356442044279702,0.001159588740868275,508,500,64,64,-1.3779527559055118,49.01574803149607,-0.5905511811023622,50.98425196850393,0.1968503937007874,50.39370078740158,-0.5905511811023622,50.13123359580052,50.721784776902894,1.0101577636706436,3
taskonomy_keypoints3d,keypoints3d,3D keypoints,i2t:CORRESPONDENCE_TRACKING,Visual correspondence,RCN,RORG,-0.2065165888540212,-0.26384244103782667,-0.13604589325996197,0.0009380130095608735,508,500,64,64,-5.905511811023622,44.488188976377955,-5.708661417322834,45.86614173228347,-1.3779527559055118,48.818897637795274,-4.330708661417322,46.39107611548557,50.721784776902894,2.212561063003589,3
taskonomy_reshading,reshading,Reshading,i2t:CORRESPONDENCE_TRACKING,Visual correspondence,RCN,RORG,-0.2891480070179587,-0.3486628006997674,-0.19804410016640392,0.001130020673892463,508,500,64,64,-2.952755905511811,47.44094488188976,-3.3464566929133857,48.22834645669291,-2.7559055118110236,47.44094488188976,-3.0183727034120733,47.7034120734908,50.721784776902894,0.4546065111729329,3
inpainting_rect_v14,inpainting,Inpainting,i2t:CORRESPONDENCE_TRACKING,Visual correspondence,RCN,RORG,-0.27255820628097505,-0.3101629836813145,-0.21202077750613807,0.000755363040872176,508,500,64,64,-1.968503937007874,48.425196850393704,-3.937007874015748,47.63779527559055,0.3937007874015748,50.59055118110236,-1.837270341207349,48.884514435695536,50.721784776902894,1.5290262726681172,3
coco_semantic_v14,semseg,Semantic segmentation,i2t:CORRESPONDENCE_TRACKING,Visual correspondence,RORG,RORG,-0.18618088654547135,-0.24791909465762454,-0.07698304064516696,0.0013964032926594963,508,500,64,64,-5.118110236220472,45.275590551181104,-4.52755905511811,47.04724409448819,-2.3622047244094486,47.83464566929134,-4.00262467191601,46.719160104986884,50.721784776902894,1.3106945115116921,3
taskonomy_edge_texture,edge_texture,2D edges,i2t:CORRESPONDENCE_TRACKING,Visual correspondence,RORG,RORG,-0.24445125908558574,-0.2931891025375835,-0.18366392843954416,0.000824735330868267,508,500,64,64,-1.3779527559055118,49.01574803149607,-3.1496062992125986,48.425196850393704,-3.3464566929133857,46.8503937007874,-2.6246719160104988,48.097112860892395,50.721784776902894,1.1193387210782166,3
taskonomy_keypoints2d,keypoints2d,2D keypoints,i2t:CORRESPONDENCE_TRACKING,Visual correspondence,RORG,RORG,-0.15474916128373595,-0.22626425344138448,-0.06480043408311917,0.0012300992364476908,508,500,64,64,-0.3937007874015748,50.0,-0.3937007874015748,51.181102362204726,0.0,50.196850393700785,-0.26246719160104987,50.45931758530184,50.721784776902894,0.6327854830047883,3
taskonomy_segment_unsup2d,segment_unsup2d,2D segmentation,i2t:CORRESPONDENCE_TRACKING,Visual correspondence,RORG,RORG,-0.2732325768612711,-0.32666929514711285,-0.19029159109371183,0.0010300690813957202,508,500,64,64,-4.330708661417323,46.06299212598425,-2.7559055118110236,48.818897637795274,-3.7401574803149606,46.45669291338583,-3.608923884514436,47.112860892388454,50.721784776902894,1.4905271248819603,3
taskonomy_segment_unsup25d,segment_unsup25d,2.5D segmentation,i2t:CORRESPONDENCE_TRACKING,Visual correspondence,RORG,RORG,-0.2558280861604821,-0.31296757626777694,-0.16775425725383475,0.0010964839352469954,508,500,64,64,-6.692913385826771,43.7007874015748,-7.283464566929134,44.29133858267716,-2.559055118110236,47.63779527559055,-5.511811023622047,45.20997375328084,50.721784776902894,2.123187623013574,3
counting,counting,Object pointing,i2t:CORRESPONDENCE_TRACKING,Visual correspondence,RORG,RORG,-0.33269387453220955,-0.3607659037031861,-0.2992571464567022,0.000439989578884836,508,500,64,64,1.7716535433070866,52.16535433070866,1.1811023622047243,52.75590551181102,2.1653543307086616,52.36220472440945,1.7060367454068242,52.427821522309706,50.721784776902894,0.300693943238572,3
jigsaw,jigsaw,Jigsaw,i2t:CORRESPONDENCE_TRACKING,Visual correspondence,RORG,RORG,-0.3184698201863361,-0.3432566101088173,-0.2850158766644244,0.0004241701175735224,508,500,64,64,-2.3622047244094486,48.031496062992126,-1.968503937007874,49.60629921259842,-4.330708661417323,45.86614173228347,-2.887139107611548,47.83464566929134,50.721784776902894,1.8778330736554025,3
localization,localization,Localization,i2t:CORRESPONDENCE_TRACKING,Visual correspondence,RORG,RORG,-0.30072018494957875,-0.3506661641032829,-0.22258797497708924,0.0010052522851191922,508,500,64,64,-1.968503937007874,48.425196850393704,0.984251968503937,52.55905511811024,0.0,50.196850393700785,-0.32808398950131235,50.39370078740158,50.721784776902894,2.073947589144239,3
